2020-05-15 12:27;26 mins;
2020-05-15 12:27;26 mins;
2020-05-15 12:28;26 mins;
2020-05-15 12:28;26 mins;
2020-05-15 12:56;1 min;
2020-05-15 12:56;1 min;
2020-05-15 12:56;1 min;
2020-05-15 12:56;1 min;
2020-05-16 07:03;1 min;
2020-05-16 07:03;1 min;
2020-05-16 07:03;1 min;
2020-05-16 07:03;1 min;
2020-05-16 07:03;1 min;
2020-05-16 07:03;1 min;
2020-05-16 14:08;1 min;
2020-05-16 14:08;1 min;
2020-05-16 14:08;1 min;
2020-05-16 14:08;1 min;
2020-05-16 14:23;1 min;
2020-05-16 14:24;1 min;
2020-05-16 14:24;1 min;
2020-05-16 14:24;1 min;
2020-05-16 14:24;1 min;
2020-05-16 14:24;1 min;
2020-05-16 14:24;1 min;
2020-05-16 14:24;1 min;
2020-05-16 14:24;1 min;
2020-05-16 22:20;1 min;
2020-05-16 22:20;1 min;
2020-05-16 22:20;1 min;
2020-05-16 22:20;1 min;
2020-05-16 22:21;1 min;
2020-05-16 22:21;1 min;
2020-05-16 22:21;1 min;
2020-05-16 22:21;1 min;
2020-05-16 22:21;1 min;
2020-05-16 22:21;1 min;
2020-05-16 22:21;1 min;
